story_id,story_name,story_intro,story_url,img_url,,
,Union election of NYC’s largest tour bus company is a bitter war of words,,,,,
,Grayline Citysights Workers Voting for A Representative Union; The Result is Still Pending,,http://theink.nyc/grayline-citysights-workers-voting-for-a-representative-union-the-result-is-still-pending/,,,
,"Citi Bike still lacks membership diversity after expansion
",,https://cjs16-citibike-wang.herokuapp.com/,,,
,"Macy’s Thanksgiving parade inflation
",,https://medium.com/@chianwang/macy-s-thanksgiving-parade-inflation-6084ca48273f#.ff7lbdcdx,,,
,My Half Tiger Parents,,https://medium.com/@chianwang/my-half-tiger-parents-a04441fc685d#.qaisn0ny4,,,
,,,,,,
,,,,,,
,,,,,,
,,,,,,
,,,,,,
,,,,,,
,,,,,,
,,,,,,
,,,,,,
,,,,,,
,,,,,,
,,,,,,
,,,,,,
,,,,,,
,,,,,,
,,,,,,